af,Afrikaans
sq,Shqip
arq,Ø§Ù„Ø¯Ø§Ø±Ø¬Ø© Ø§Ù„Ø¬Ø²Ø§ÙŠØ±ÙŠØ©
am,áŠ áˆ›áˆ­áŠ›
ar,Ø§Ù„Ø¹Ø±Ø¨ÙŠØ©
arg,AragonÃ©s
hy,Õ€Õ¡ÕµÕ¥Ö€Õ¥Õ¶
frp,Arpitan
as,à¦…à¦¸à¦®à§€à¦¯à¦¼à¦¾
ast,Asturianu
az,AzÉ™rbaycan dili
az_TR,AzÉ™rbaycan TÃ¼rkcÉ™si
bcc,Ø¨Ù„ÙˆÚ†ÛŒ Ù…Ú©Ø±Ø§Ù†ÛŒ
ba,Ğ±Ğ°ÑˆÒ¡Ğ¾Ñ€Ñ‚ Ñ‚ĞµĞ»Ğµ
eu,Euskara
bel,Ğ‘ĞµĞ»Ğ°Ñ€ÑƒÑĞºĞ°Ñ Ğ¼Ğ¾Ğ²Ğ°
bn_BD,à¦¬à¦¾à¦‚à¦²à¦¾
bn_IN,à¦¬à¦¾à¦‚à¦²à¦¾ (à¦­à¦¾à¦°à¦¤)
bho,à¤­à¥‹à¤œà¤ªà¥à¤°à¥€
brx,à¤¬à¥‹à¤¡à¥‹â€
gax,Afaan Oromoo
bs_BA,Bosanski
bre,Brezhoneg
bg_BG,Ğ‘ÑŠĞ»Ğ³Ğ°Ñ€ÑĞºĞ¸
ca,CatalÃ 
bal,CatalÃ  (Balear)
ceb,Cebuano
zh_CN,ç®€ä½“ä¸­æ–‡
zh_HK,é¦™æ¸¯ä¸­æ–‡ç‰ˆ
zh_SG,ä¸­æ–‡
zh_TW,ç¹é«”ä¸­æ–‡
cor,Kernewek
co,Corsu
hr,Hrvatski
cs_CZ,ÄŒeÅ¡tina
da_DK,Dansk
dv,Ş‹Ş¨ŞˆŞ¬Ş€Ş¨
nl_NL,Nederlands
nl_BE,Nederlands (BelgiÃ«)
dzo,à½¢à¾«à½¼à½„à¼‹à½
art_xemoji,ğŸŒğŸŒğŸŒ (Emoji)
en_AU,English (Australia)
en_CA,English (Canada)
en_NZ,English (New Zealand)
art_xpirate,English (Pirate)
en_ZA,English (South Africa)
en_GB,English (UK)
eo,Esperanto
et,Eesti
ewe,EÊ‹egbe
fo,FÃ¸royskt
fi,Suomi
fr_BE,FranÃ§ais de Belgique
fr_CA,FranÃ§ais du Canada
fr_FR,FranÃ§ais
fy,Frysk
fur,Friulian
fuc,Pulaar
gl_ES,Galego
ka_GE,áƒ¥áƒáƒ áƒ—áƒ£áƒšáƒ˜
de_DE,Deutsch
de_AT,Deutsch (Ã–sterreich)
de_CH,Deutsch (Schweiz)
el,Î•Î»Î»Î·Î½Î¹ÎºÎ¬
kal,Kalaallisut
gu,àª—à«àªœàª°àª¾àª¤à«€
hat,Kreyol ayisyen
hau,Harshen Hausa
haw_US,ÅŒlelo HawaiÊ»i
haz,Ù‡Ø²Ø§Ø±Ù‡ Ú¯ÛŒ
he_IL,×¢Ö´×‘Ö°×¨Ö´×™×ª
hi_IN,à¤¹à¤¿à¤¨à¥à¤¦à¥€
hu_HU,Magyar
is_IS,Ãslenska
ido,Ido
ibo,Asá»¥sá»¥ Igbo
id_ID,Bahasa Indonesia
ga,Gaelige
it_IT,Italiano
ja,æ—¥æœ¬èª
jv_ID,Basa Jawa
kab,Taqbaylit
kn,à²•à²¨à³à²¨à²¡
kaa,Qaraqalpaq tili
kk,ÒšĞ°Ğ·Ğ°Ò› Ñ‚Ñ–Ğ»Ñ–
km,á—á¶áŸá¶ááŸ’á˜áŸ‚áš
kin,Ikinyarwanda
ko_KR,í•œêµ­ì–´
kmr,KurdÃ®
ckb,ÙƒÙˆØ±Ø¯ÛŒâ€
kir,ĞšÑ‹Ñ€Ğ³Ñ‹Ğ·Ñ‡Ğ°
lo,àºàº²àºªàº²àº¥àº²àº§
la,Latine
lv,LatvieÅ¡u valoda
lij,LÃ¬gure
li,Limburgs
lin,Ngala
lt_LT,LietuviÅ³ kalba
lmo,Lombardo
lug,Oluganda
lb_LU,LÃ«tzebuergesch
mk_MK,ĞœĞ°ĞºĞµĞ´Ğ¾Ğ½ÑĞºĞ¸ Ñ˜Ğ°Ğ·Ğ¸Ğº
mg_MG,Malagasy
ms_MY,Bahasa Melayu
ml_IN,à´®à´²à´¯à´¾à´³à´‚
mlt,Malti
mri,Te Reo MÄori
mr,à¤®à¤°à¤¾à¤ à¥€
mfe,Kreol Morisien
mn,ĞœĞ¾Ğ½Ğ³Ğ¾Ğ»
me_ME,Crnogorski jezik
ary,Ø§Ù„Ø¹Ø±Ø¨ÙŠØ© Ø§Ù„Ù…ØºØ±Ø¨ÙŠØ©
my_MM,á€—á€™á€¬á€…á€¬
ne_NP,à¤¨à¥‡à¤ªà¤¾à¤²à¥€
pcm,Nigerian Pidgin
nb_NO,Norsk bokmÃ¥l
nn_NO,Norsk nynorsk
nqo,ß’ßß
oci,Occitan
ory,à¬“à¬¡à¬¼à¬¿à¬†
os,Ğ˜Ñ€Ğ¾Ğ½
pap,Papiamentu
ps,Ù¾ÚšØªÙˆ
fa_IR,ÙØ§Ø±Ø³ÛŒ
fa_AF,(ÙØ§Ø±Ø³ÛŒ (Ø§ÙØºØ§Ù†Ø³ØªØ§Ù†
pl_PL,Polski
pt_AO,PortuguÃªs de Angola
pt_BR,PortuguÃªs do Brasil
pt_PT,PortuguÃªs
pa_IN,à¨ªà©°à¨œà¨¾à¨¬à©€
rhg,RuÃ¡inga
ro_RO,RomÃ¢nÄƒ
roh,Rumantsch
ru_RU,Ğ ÑƒÑÑĞºĞ¸Ğ¹
sah,Ğ¡Ğ°Ñ…Ğ°Ğ»Ñ‹Ñ‹
sa_IN,à¤­à¤¾à¤°à¤¤à¤®à¥
skr,Ø³Ø±Ø§Ø¦ÛŒÚ©ÛŒ
srd,Sardu
gd,GÃ idhlig
sr_RS,Ğ¡Ñ€Ğ¿ÑĞºĞ¸ Ñ˜ĞµĞ·Ğ¸Ğº
sna,ChiShona
sq_XK,PÃ«r KosovÃ«n Shqip
scn,Sicilianu
szl,ÅšlÅnskÅ gÅdka
snd,Ø³Ù†ÚŒÙŠ
si_LK,à·ƒà·’à¶‚à·„à¶½
sk_SK,SlovenÄina
sl_SI,SlovenÅ¡Äina
so_SO,Afsoomaali
azb,Ú¯Ø¤Ù†Ø¦ÛŒ Ø¢Ø°Ø±Ø¨Ø§ÛŒØ¬Ø§Ù†
es_AR,EspaÃ±ol de Argentina
es_CL,EspaÃ±ol de Chile
es_CO,EspaÃ±ol de Colombia
es_CR,EspaÃ±ol de Costa Rica
es_DO,EspaÃ±ol de RepÃºblica Dominicana
es_GT,EspaÃ±ol de Guatemala
es_HN,EspaÃ±ol de Honduras
es_MX,EspaÃ±ol de MÃ©xico
es_PE,EspaÃ±ol de PerÃº
es_PR,EspaÃ±ol de Puerto Rico
es_ES,EspaÃ±ol
es_UY,EspaÃ±ol de Uruguay
es_VE,EspaÃ±ol de Venezuela
su_ID,Basa Sunda
sw,Kiswahili
ssw,SiSwati
sv_SE,Svenska
syr,Syriac
tl,Tagalog
tah,Reo Tahiti
tg,Ğ¢Ğ¾Ò·Ğ¸ĞºÓ£
tzm,âµœâ´°âµâ´°âµ£âµ‰âµ–âµœ
ta_IN,à®¤à®®à®¿à®´à¯
ta_LK,à®¤à®®à®¿à®´à¯
tt_RU,Ğ¢Ğ°Ñ‚Ğ°Ñ€ Ñ‚ĞµĞ»Ğµ
te,à°¤à±†à°²à±à°—à±
th,à¹„à¸—à¸¢
bo,à½–à½¼à½‘à¼‹à½¡à½²à½‚
tir,á‰µáŒáˆ­áŠ›
tr_TR,TÃ¼rkÃ§e
tuk,TÃ¼rkmenÃ§e
twd,Twents
ug_CN,Ø¦Û‡ÙŠØºÛ‡Ø±Ú†Û•
uk,Ğ£ĞºÑ€Ğ°Ñ—Ğ½ÑÑŒĞºĞ°
hsb,HornjoserbÅ¡Ä‡ina
ur,Ø§Ø±Ø¯Ùˆ
uz_UZ,Oâ€˜zbekcha
vi,Tiáº¿ng Viá»‡t
cy,Cymraeg
xho,isiXhosa
yor,YorÃ¹bÃ¡
zul,isiZulu
